ID_EQUIPO,DEPARTAMENTO,MODELO,No. DE SERIE,No. DE EQUIPO,MUNICIPIO ,DIRECCION,,,
1,HOSPITAL DE LA COMUNIDAD DE NAOLINCO ,3145,R4V2Z47248,1,NAOLINCO,"Veracruz Carretera Naolinco-Miahuatlán S/N C.P. 91400, Naolinco de Victoria, Ver.",,,
2,HOSPITAL GENERAL DE MISANTLA,3145,R4V0Y18793,2,MISANTLA,"Framboyanes Esquina Tabachines S/N, centro, 93820 Misantla, Ver.",,,
3,JURIDICCION SANITARIA No. IV MARTINEZ DE LA TORRE,3655,R4P2Z21758,3,MARTINEZ,"Zaragoza 200, Col. Centro, C.P. 93600 Martínez de la Torre",,,
4,HOSPITAL DE LA COMUNIDAD DE TLAPACOYAN,3145,R4V2940821,4,TLAPACOYAN,"Aquiles Serdán S/N Esq. Rojano, C.P. 93650 Tlapacoyan, Ver.",,,
5,"HOSPITAL GENERAL DE MARTINEZ DE LA TORRE ""MANUEL AVILA CAMACHO""",3655,R4P3226116,5,MARTINEZ,"Libramiento S/N Km. 55, carretera Nautla Tlapacoyan, C.P. 93600, Tlapacoyan, Ver.",,,
6,HOSPITAL DE MARTINEZ DE LA TORRE MANUEL AVILA CAMACHO,3145,R4V2940827,6,MARTINEZ,Col. Las Palmas Km. 55,,,
7,"CASA DEL ADULTO MAYOR DE PAPANTLA ""LI MASH KAN""",3145,R4V2940829,7,PAPANTLA,"Carranza Km. 5 Los Mangos C.P. 93426 Papantla de Olarte, Ver.",,,
8,HOSPITAL GENERAL DE PAPANTLA,3655,R4P326114,8,PAPANTLA,"Francisco I. Madero #618, Col. Barrio San Juán, C.P. 93400, Papantla, Ver.",,,
9,HOSPITAL GENERAL DE PAPANTLA,3655,R4P3226119,9,PAPANTLA,"Francisco I. Madero #618, Col. Barrio San Juán, C.P. 93400, Papantla, Ver.",,,
10,JURIDICCION SANITARIA III. POZA RICA ,3655,R4P3225863,10,POZA RICA,"Lázaro Cárdenas Pozo 174 Col. Morelos, C.P. 93340 Poza Rica, Ver.",,,
11,JURIDICCION SANITARIA III. POZA RICA ,3655,R4P3226113,11,POZA RICA,"Lázaro Cárdenas Pozo 174 Col. Morelos, C.P. 93340 Poza Rica, Ver.",,,
12,HOSPITAL GENERAL DE POZA RICA,3655,R4P3226120,12,POZA RICA,"Calle de las Flores S/N esq. Col. Las Vegas, C.P. 93210 Poza Rica, Ver.",,,
13,HOSPITAL GENERAL DE POZA RICA,3655,R4P3226124,13,POZA RICA,"Calle de las Flores S/N esq. Col. Las Vegas, C.P. 93210 Poza Rica, Ver.",,,
14,HOSPITAL GENERAL DE POZA RICA,3655,R4P3226118,14,POZA RICA,"Calle de las Flores S/N esq. Col. Las Vegas, C.P. 93210 Poza Rica, Ver.",,,
15,HOSPITAL DE LA COMUNIDAD DE ENTABLADERO,3145,R4V2940834,15,ENTABLADERO,"Carretera Chote-Coyutla, Entabladero, Ver. Km. 5 carretera Papantla-Gutiérrez Zamora, Venustiano Carranza, C.P. 93197, Entabladero, Ver.",,,
16,HOSPITAL DE LA COMUNIDAD GUTIERREZ ZAMORA,3145,RAV2940837,16,GUTIERREZ ZAMORA,"Calle  de la Cruz No. 15, Col. Providencia, C.P. 93550 Gutierrez Zamora, Ver.",,,
17,HOSPITAL DE TARIMOYA,3655,R4P3225546,17,TARIMOYA,"Calle del árbol entre Sabino y Nacaxtle Col. Reserva Tarimoya C.P. 91805, Veracruz, Ver.",,,
18,JURIDCCION SANITARIA DE VERACRUZ (REGULACIÓN SANITARIA),3145,R4V2942078,18,VERACRUZ,Alacio Pérez Esq. Carmen Cerdán N° 909,,,
19,JURIDICCION SANITARIA VIII. VERACRUZ ,3655,R4P3124325,19,VERACRUZ,"Alacio Pérez esquina Serdán No. 909, Col. Zaragoza C.P. 91700 Veracruz, Ver.",,,
20,JURIDICCION SANITARIA VIII. VERACRUZ (OFICINA DE COPIADO),3655,R4P3124331,20,VERACRUZ,"Alacio Pérez esquina Serdán No. 909, Col. Zaragoza C.P. 91700 Veracruz, Ver.",,,
21,JURIDICCION SANITARIA VIII. VERACRUZ (OFICINA DE COPIADO),3655,R4P3225543,21,VERACRUZ,"Alacio Pérez esquina Serdán No. 909, Col. Zaragoza C.P. 91700 Veracruz, Ver.",,,
22,JURIDCCION SANITARIA DE VERACRUZ (RECURSOS FINANCIEROS),3145,R4V2940794,22,VERACRUZ,Alacio Pérez Esq. Carmen Cerdán N° 909,,,
23,JURIDCCION SANITARIA DE VERACRUZ (OFICINA DE ATENCION MEDICA),3145,R4V2Z47551,23,VERACRUZ,Alacio Pérez Esq. Carmen Cerdán N° 909,,,
24,JURIDCCION SANITARIA DE VERACRUZ (OFICINA JEFATURA),3145,R4V2Z46831,24,VERACRUZ,"Alacio Pérez esquina Serdán No. 909, Col. Zaragoza C.P. 91700 Veracruz, Ver.",,,
25,JURISDICCION SANITARIA NO. VIII - VERACRUZ,3655,R4P3124330,25,VERACRUZ,Alacio Pérez Esq. Carmen Cerdán N° 909,,,
26,JURIDICCION SANITARIA VIII. VERACRUZ (OFICINA R.H),3655,R4P3124334,26,VERACRUZ,Alacio Pérez Esq. Carmen Cerdán N° 909,,,
27,JURIDCCION SANITARIA DE VERACRUZ (ALMACEN),3145,R4V2Z46836,27,VERACRUZ,"Alacio Pérez esquina Serdán No. 909, Col. Zaragoza C.P. 91700 Veracruz, Ver.",,,
28,HOSPITAL DE ALTA ESPECIALIDAD DE VERACRUZ,3655,R4P3124327,28,VERACRUZ,"Av. 20 de noviembre No. 1074, Col. Centro C.P. 91700 Veracruz, Ver.",,,
29,HOSPITAL DE ALTA ESPECIALIDAD,RISO 5130,44104346,29,VERACRUZ,"Av. 20 de noviembre No. 1074, Col. Centro C.P. 91700 Veracruz, Ver.",,,
30,HOSPITAL DE ALTA ESPECIALIDAD DE VERACRUZ,3655,R4P2Z21761,30,VERACRUZ,??,,,
31,HOSPITAL DE LA ESPECIALIDAD OFC. C. COPIADO,3655,R4P3124337,31,VERACRUZ,"Av. 20 de noviembre No. 1074, Col. Centro C.P. 91700 Veracruz, Ver.",,,
32,CENTRO ESTATAL DE TRANSFUSION SANGUINEA,3145,R4V2Z47160,32,VERACRUZ,"Adolfo Ruíz Cortines, casi esquina Reyes Heroles, C.P. 94294 Boca del Río, Ver.",,,
33,CASA HOGAR DEL NIÑO GUTIERREZ ZAMORA,3145,R4V2940916,33,BOCA DEL RIO,"Jesús Reyes Heroles, Costa Verde C.P. 94294, Boca del Río, Ver. ",,,
34,HOSPITAL GENERAL DE BOCA DEL RIO,3145,R4V2942004,34,BOCA DEL RIO,"Calle Aquiles Serdán S/N colonia Ricardo Flores Magón C.P. 94290, Boca del Río, Ver.",,,
35,HOSPITAL GENERAL DE BOCA DEL RIO (OFICINAS DE GOBIERNO),3145,R4V2942073,35,BOCA DEL RIO,"Calle Aquiles Serdán S/N colonia Ricardo Flores Magón C.P. 94290, Boca del Río, Ver.",,,
36,LABORATORIO ESTATAL DE SALUD PUBLICA,3655,R4P3225540,36,VERACRUZ,"Ciudad Industrial, C.P. 91697, Veracruz, Ver.",,,
37,LABORATORIO ESTATAL DE SALUD PUBLICA (AREA DE GOBIERNO),3145,R4V2Z47435,37,VERACRUZ,"Ciudad Industrial, C.P. 91697, Veracruz, Ver.",,,
38,HOSPITAL DE LA COMUNIDAD DE TEZONAPA,3145,R4V2Z47000,38,TEZONAPA,"Carretera Cordoba 55 Rayón, Carretera Cordoba 55, Rayón, 95096 Tezonapa, Ver.",,,
39,HOSPITAL DE LA COMUNIDAD DE PLAYA VICENTE,3145,R4V2Z46832,39,PLAYA VICENTE,"Melchor Ocampo 700, Chapultepec, 95600 Playa Vicente, Ver.",,,
40,HOSPITAL JOSE AZUETA,3145,R4V0Y18790,40,JOSE AZUETA,"Cuauhtémoc S/N, Cobaev, Bosque, 95580 Villa Azueta, Ver.",,,
41,HOSPITAL DE ISLA,3655,R4P3225552,41,ISLA,"Carretera Santiago Tuxtla-Isla Prolongación Raúl Sandoval Col. Limón de Guerrero C.P. 95648 Isla, Ver.",,,
42,HOSPITAL DE ISLA,3655,R4P3225803,42,ISLA,"Carretera Santiago Tuxtla-Isla Prolongación Raúl Sandoval Col. Limón de Guerrero C.P. 95648 Isla, Ver.",,,
43,HOSPITAL GENERAL DE PEROTE ,3145,R4V2Z46844,43,PEROTE,"Pensamiento 28 N/A Col. Jardínes San Carlos, C.P. 91273 Perote, Ver. ",,,
44,HOSPITAL GENERAL DE ALTOTONGA,3145,R4V2Z46854,44,ALTOTONGA,"Juan de la Luz Enríquez No. 50 Centro C.P. 93700 colonia Altotonga, Ver.",,,
45,HOSPITAL DE CARDEL,3145,R4V2Z46833,45,CARDEL,"Calle Albino Baez N° 53 Col. San Francisco Peñas, C.P. 91680 Cardel, Ver.",,,
46,HOSPITAL DE CARDEL,3145,R4V2940906,46,CARDEL,"Calle Albino Baez N° 53 Col. San Francisco Peñas, C.P. 91680 Cardel, Ver.",,,
47,CENTRO DE SALUD CON HOSPITALIZACION DE ALTO LUCERO DE GUTIERREZ BARRIOS,3655,R4P2Z21767,47,ALTOLUCERO,"Calle Fray Pedro D. Gante No. 3, Col. Centro, C.P. 91460, Alto Lucero, Ver.",,,
48,HOSPITAL GENERAL DE TLALIXCOYAN,3145,R4V2747566,48,TLALIXCOYAN,"José E. Villegas esquina Ignacio Aldama, colonia Centro, C.P. 95225 Talixcoyan, Ver.",,,
49,HOSPITAL DE LA COMUNIDAD DE ALVARADO,3145,R4V2940912,49,ALVARADO,"Venustiano Carranza No. 2 Colonia Centro, C.P. 95270 Alvarado, Ver.",,,
50,HOSPITAL DE LA COMUNIDAD DE ALVARADO,3145,R4V2940925,50,ALVARADO,"Venustiano Carranza No. 2 Colonia Centro, C.P. 95270 Alvarado, Ver.",,,
51,HOSPITAL GENERAL DE TLACOTALPAN,3145,R4V2747560,51,TLACOTALPAN,"Venustiano Carranza S/N esquina General Allende Col. Centro, C.P. 95580, Tlacotalpan, Ver.",,,
52,HOSPITAL GENERAL DE SANTIAGO TUXTLA,3145,R4V2Z47561,52,SANTIAGO TUXTLA,"Carretera Federal 180 Santiago - Isla Km. 1.5, Crustita, 95835 Santiago Tuxtla, Ver.",,,
53,HOSPITAL GENERAL SAN ANDRES TUXTLA,3145,R4V2Z47563,53,SAN ANDRES TUXTLA,"Juan de la Barrera 54, colonia Belén Grande, C.P. 95780, San Andrés Tuxtla, ver.",,,
54,"HOSPITAL GENERAL DE COSAMALOAPAN ""DR. VICTOR MANUEL PITALA GONZALEZ""",3145,R4V2Z46521,54,COSAMALOAPAN,"Nicolás Bravo 306, Centro, 95400 Cosamaloapan, Ver.",,,
55,HOSPITAL DE LA COMUNIDAD DE CATEMACO,3145,R4V2Z47553,55,CATEMACO,"Carretera Sontecomapan colonia Linda Vista, C.P. 75870 Catemaco, Ver.",,,
56,HOSPITAL DE OLUTA-ACAYUCAN ,3655,R4P2Z21664,56,OLUTA,"Carreter Acayucan-Oluta Km. 1.13 C.P. 96160, Oluta, Ver.",,,
57,HOSPITAL GENERAL COSOLEACAQUE ,3655,R4P3225875,57,COSOLEACAQUE,"C. Fernando López Arias, Primero, 96350 Cosoleacaque, Ver.",,,
58,HOSPITAL DE LA COMUNIDAD DE TONALAPAN (AREA DE GOBIERNO),3145,R4V2940657,58,TONALAPAN,"Carretera a Pajapan esquina Juan de la Luz Enrique S/N C.P. 95930, Tonalapa, Ver..",,,
59,HOSPITAL DE LA COMUNIDAD DE TONALAPAN (ALMACEN),3145,R4V2Z46806,59,TONALAPAN,"Carretera a Pajapan esquina Juan de la Luz Enrique S/N C.P. 95930, Tonalapa, Ver..",,,
60,HOSPITAL GENERAL DE MINATITLAN ,3655,R4P3123928,60,MINATITLAN,"Av 18 de Octubre 114, Santa Clara, 96730 Minatitlán, Ver.",,,
61,HOSPITAL GENERAL DE MINATITLAN ,3655,R4P3225544,61,MINATITLAN,"Av 18 de Octubre 114, Santa Clara, 96730 Minatitlán, Ver.",,,
62,"HOSPITAL REGIONAL DE COATZACOALCOS ""DR. VALENTIN GOMEZ FARIAS""",3655,R4P3225573,62,COATZACOALCOS,"Zaragoza No. 801, Colonia Centro, C.P. 96400 Coatzacoalcos, Ver.",,,
63,CAPASITS COATZACOALCOS (ARCHIVO),3145,R4V2940661,63,COATZACOALCOS,"Camino Zaragoza 801, Col. Centro, C.P. 96400 Coatzacoalcos, Ver.",,,
64,JURIDICCION SANITARIA No XI DE COATZACOALCOS (ALMACEN),3655,R4P3225549,64,COATZACOALCOS,"Calle Juárez No. 703, Col. Centro, C.P. 96400 Coatzacoalcos, Ver.",,,
65,JURIDICCION SANITARIA No XI DE COATZACOALCOS (IMPRESOS),3655,R4P3225574,65,COATZACOALCOS,"Calle Juárez No. 703, Col. Centro, C.P. 96400 Coatzacoalcos, Ver.",,,
66,JURIDICCION SANITARIA No XI DE COATZACOALCOS (RECURSOS FINANCIEROS),3655,R4P3225578,66,COATZACOALCOS,"Calle Juárez No. 703, Col. Centro, C.P. 96400 Coatzacoalcos, Ver.",,,
67,JURIDICCION SANITARIA No XI DE COATZACOALCOS (SERVICIOS GENERALES),3655,R4P3225541,67,COATZACOALCOS,"Calle Juárez No. 703, Col. Centro, C.P. 96400 Coatzacoalcos, Ver.",,,
68,JURIDICCION SANITARIA No XI DE COATZACOALCOS ,RISO 5130,44104413,68,COATZACOALCOS,"Calle Juárez No. 703, Col. Centro, C.P. 96400 Coatzacoalcos, Ver.",,,
69,CENTRO DE SALUD CON HOSPITALIZACION DE ALLENDE,3145,R4V2Z46846,69,ALLENDE,"Francisco I. Madero S/N, colonia Libertad, C.P. 96380 Allende, Ver.",,,
70,HOSPITAL DE LA COMUNIDAD DE IXHUATLAN DEL SURESTE,3145,R4V2940652,70,IXHUATLAN,"Carretera Nachital S/N, Col. Centro, C.P. 96365 Ixhuatlán, Ver.",,,
71,HOSPITAL DE LA COMUNIDAD DR. PEDRO CORONEL PEREZ (LAS CHOAPAS),3655,R4P3225878,71,LAS CHOAPAS,"Fraccionamiento 2 Lote Gral 212-B J. Mario Rosado, 96980 Las Choapas, Ver.",,,
72,HOSPITAL DE LA COMUNIDAD DR. PEDRO CORONEL PEREZ (LAS CHOAPAS),3655,R4P3225576,72,LAS CHOAPAS,"Fraccionamiento 2 Lote Gral 212-B J. Mario Rosado, 96980 Las Choapas, Ver.",,,
73,ARCHIVO JURISDICCION SANITARIA X,3145,R4V2Z46830,73,SAN ANDRES TUXTLA,"5 de Febrero No. Col. San Andrés Tuxtla C.P. 95710 San Andrés Tuxtla, Ver.",,,
74,JURISDICCION SANITARIA IX COSAMALOAPAN ,3145,R4V2940795,74,COSAMALOAPAN,Francisco I. Madero S/N Altos,,,
75,JURIDDICION SANITARIA IX COSAMALOAPAN,3145,R4V2746822,75,COSAMALOAPAN,"Madero esquina Miguel Alemán Altos, Col. Centro C.P. 95400 Cosamaloapan, Ver. ",,,
76,HOSPITAL GENERAL DE ALAMO,3145,R4V2940831,76,ALAMO,Carretera Federal Tihuatlán-Álamo C.P. 92730 Álamo Ver.,,,
77,HOSPITAL DE LA COMUNIDAD DE LLANO DE EN MEDIO,3145,R4V2940835,77,LLANO EN MEDIO,"Carretera Álamo-Ixhuatlán de Madero, C.P. 92687, Llano de en Medio, Ixhuatlán de Madero, Ver.",,,
78,HOSPITAL GENERAL DE TANTOYUCA,3145,R4V2940833,78,TANTOYUCAN,"Lindero a Tematate Col. La Morita, C.P. 92116, Tantoyuca, Ver.",,,
79,UNEME PLATON SANCHEZ (CON HOSPITALIZACION),3145,R4V2940838,79,PLATON SANCHEZ,"Carretera Finca Margarita costa arriba o carpinteras de La Fracción Quinta D, lote, Col. Platón Sánchez centro, C.P. 92140, Platón Sánchez, Ver.",,,
80,HOSPITAL GENERAL DE TEMPOAL,3145,R4V2Z46840,80,TEMPOAL,"Eduardo Martínez No. 12 Col. La Covacha, C.P. 92065, Tempoal, Ver.",,,
81,"HOSPITAL DE PANUCO ""DR. MANUEL I. AVILA""",3145,R4V2940824,81,PANUCO,"Juan de la Luz Enríquez No. 19 Col. Maza C.P. 92000, Pánuco, Ver. ",,,
82,"HOSPITAL DE PANUCO ""DR. MANUEL I. AVILA""",3145,R4V2Z46835,82,PANUCO,"Juan de la Luz Enríquez No. 19 Col. Maza C.P. 92000, Pánuco, Ver. ",,,
83,JURIDICCION SANITARIA I.- PANUCO,3655,R4P3225877,83,PANUCO,"Morelos #2 S/N, Col. Alto de Villas C.P. 93996 pánuco, Col. ",,,
84,JURIDICCION SANITARIA I.- PANUCO,3655,R4P3225547,84,PANUCO,"Morelos #2 S/N, Col. Alto de Villas C.P. 93996 pánuco, Col. ",,,
85,JURIDICCION SANITARIA I.- PANUCO,3655,R4P3226062,85,PANUCO,"Morelos #2 S/N, Col. Alto de Villas C.P. 93996 pánuco, Col. ",,,
86,HOSPITAL GENERAL DE CERRO AZUL ,3655,R4P3225879,86,CERRO AZUL,"Privada Abundio Juárez 3, Col. Deportiva, C.P. 92514 Cerro Azul, Ver.",,,
87,HOSPITAL DE LA COMUNIDAD NARANJOS,3145,R4V2940826,87,NARANJOS,"Zaragoza y Benito Juárez s/n Col. Progreso, C.P. 92340 Naranjos, Ver. ",,,
88,HOSPITAL DE LA COMUNIDAD DE OZULUAMA MASCAREÑAS,3655,R4P3226122,88,OZULUAMA,"Camino Laurel S/N Col. El Cinco, C.P. 92080, Ozuluama, Ver.",,,
89,HOSPITAL DE LA COMUNIDAD DE OZULUAMA MASCAREÑAS,3655,R4P3226117,89,OZULUAMA,"Camino Laurel S/N Col. El Cinco, C.P. 92080, Ozuluama, Ver.",,,
90,JURIDICCION SANITARIA II.- TUXPAN,3655,R4P3226121,90,TUXPAN,"Álvaro Obregón 13, Col. Zona centro, C.P. 92800 Tuxpan, Ver.",,,
91,"HOSPITAL GENERAL DE TUXPAN ""DR. EMILIO ALCAZAR""",3655,R4P3226085,91,TUXPAN,"Álvaro Obregón 13, Col. Zona centro, C.P. 92800 Tuxpan, Ver.",,,
92,"HOSPITAL GENERAL DE HUATUSCO ""DR. DARIO MENDEZ LIMA""",3655,R4P3225537,92,HUATUSCO,"2 Poniente esquina calle 8 No. 867 colonia Centro C.P. 94100 Huatusco, Ver.",,,
93,"HOSPITAL GENERAL HUATUSCO ""DR. DARIO MENDEZ LIMA""",3145,R4V2940653,93,HUATUSCO,"Calle 2 Pte., Centro, 94100 Huatusco, Ver.",,,
94,HOSPITAL REGIONAL DE RIO BLANCO,3145,R4V2Z47567,94,RIO BLANCO,"Reforma, 94733 Río Blanco, Ver.",,,
95,HOSPITAL REGIONAL DE RIO BLANCO ,3145,R4V2747558,95,RIO BLANCO,"Reforma, 94733 Río Blanco, Ver.",,,
96,HOSPITAL REGIONAL RIO BLANCO (SUBDIRECCION ADMINISTRATIVA),3145,R4V2940914,96,RIO BLANCO,Entroque Autopista Orizaba-Puebla Km. 2 C.P. 94733 colonia Reforma,,,
97,HOSPITAL REGIONAL DE RIO BLANCO RECURSOS MATERIALES,3655,R4P3124333,97,RIO BLANCO,Entroque Autopista Orizaba-Puebla Km. 2 C.P. 94733 colonia Reforma,,,
98,"HOSPITAL DE SALUD MENTAL DE ORIZABA ""DR. VICTOR M. CONCHA""",3145,R4V2940917,98,ORIZABA,"Sur 23 y Oriente 4 colonia Centro C.P. 94300 Orizaba, Ver.",,,
99,JURIDICCION SANITARIA VII ORIZABA,3655,R4P3124335,99,ORIZABA,"Colón Oriente 1231 Altos, colonia Centro, C.P. 94300 Orizaba, Ver.",,,
100,JURIDICCION SANITARIA No VII ORIZABA,3145,R4V2Z46720,100,ORIZABA,"Colón Oriente 1231 Altos, colonia Centro, C.P. 94300 Orizaba, Ver.",,,
101,"HOSPITAL DE Tlaquilpan, VISTA HERMOSA",3145,R4V2940915,101,TLAQUILPA,"Carretera Tehuipango-Vista Hermosa, C.P. 94800 Tlaquilpa",,,
102,HOSPITAL DE YANGA,3655,R4P3124323,102,CORDOBA,"Km. 341,5 carretera a Veracruz, colonia Industrial, C.P. 94690 Córdoba, Ver.",,,
103,HOSPITAL DE YANGA,3655,R4P3124322,103,CORDOBA,"Km. 341,5 carretera a Veracruz, colonia Industrial, C.P. 94690 Córdoba, Ver.",,,
104,CASA HOGAR DEL ADULTO MAYOR HUEHUETLAN,3145,R4V2Z47562,104,CORDOBA,"Blvd. Cordova Peñuela 4111 entre calles 41y 43, Zona Industrial, 94960 Córdoba, Ver.",,,
105,JURIDICCION SANITARIA No VI. CORDOBA,3655,R4P3124328,105,CORDOBA,"Calle S/N 21 No. 913, Nuevo Jardín 94640 Córdoba, Ver.",,,
106,HOSPITAL GENERAL DE TIERRA BLANCA JESUS GARCIA CORONA ,3145,R4V2Z47126,106,TIERRA BLANCA,"Julio Martínez S/N, Pemex, Pemex, Tierra Blanca el Viejo, 95180 Tierra Blanca, Ver.",,,
107,HOSPITAL DE LA COMUNIDAD DE COATEPEC,3655,R4P3225572,107,COATEPEC,"Nicolas Bravo esquina Hidalgo Col. Centro C.P. 91500 Coatepec, Ver.",,,
108,HOSPITAL DE LA COMUNIDAD DE TEOCELO,3145,R4V2Z46861,108,TEOCELO,"Covarrubias No. 2, Col. Centro C.P. 91615 Teocelo, Ver.",,,
109,HOSPITAL DE LA COMUNIDAD DE TEOCELO,3145,R4V2Z46859,109,TEOCELO,"Covarrubias No. 2, Col. Centro C.P. 91615 Teocelo, Ver.",,,
110,"HOSPITAL DE LA COMUNIDAD DE SUCHILAPAN DEL RIO ""CARMEN BOUZAS DE LOPEZ ARIAS""",3145,R4V2246839,110,SUCHILAPAN,"Zaragoza S/N, Centro, 96970 Ejido Suchilapan, Ver.",,,
111,CENTRO ESTATAL CONTRA LAS ADICCIONES (CUSPIDE),3655,R4P2Z21777,111,VERACRUZ,??,,,
112,DEPTO. DE SISTEMATIZACION DE PAGOS  (LA ESTRELLA),3145,R4V2942079,112,XALAPA,"Soconusco No. 31, Col. Aguacatal, C.P. 91130. Xalapa, Veracruz",,,
113,SISTEMATIZACION DE PAGOS ,3145,R4V2940908,113,XALAPA,"Soconusco No. 31, Col. Aguacatal, C.P. 91130. Xalapa, Veracruz",,,
114,DEPARTAMENTO DE CUENTAS POR PAGAR OFICINAS CENTRALES,3145,R4V2940830,114,XALAPA,??,,,
115,OFICINA DE CUENTAS POR PAGAR,3145,R4V2Z47679,115,XALAPA,"Soconusco No. 31, Col. Aguacatal, C.P. 91130. Xalapa, Veracruz",,,
116,DEPARTAMENTO DE CUENTAS POR PAGAR,3145,R4V2Z46837,116,XALAPA,"Soconusco No. 31, Col. Aguacatal, C.P. 91130. Xalapa, Veracruz",,,
117,DIRECCION ADMINISTRATIVA  ,3145,R4V2Z47571,117,XALAPA,"Soconusco No. 31, Col. Aguacatal, C.P. 91130. Xalapa, Veracruz",,,
118,DIRECCION ADMINISTRATIVA  (IMPRESORA A COLOR TASKALFA 308CI),308CI,RLZ2Y07309,118,XALAPA,"Soconusco No. 31, Col. Aguacatal, C.P. 91130. Xalapa, Veracruz",,,
119,APOYO A LA GESTION ADMINISTRATIVA,3145,R4V2Z46853,119,XALAPA,"Soconusco No. 31, Col. Aguacatal, C.P. 91130. Xalapa, Veracruz",,,
120,DEPARTAMENTO DE GLOSA,3145,R4V2Z47684,120,XALAPA,"Soconusco No. 31, Col. Aguacatal, C.P. 91130. Xalapa, Veracruz",,,
121,DEPARTAMENTO DE GLOSA,3145,R4V2Z47685,121,XALAPA,"Soconusco No. 31, Col. Aguacatal, C.P. 91130. Xalapa, Veracruz",,,
122,DEPARTAMENTO DE GLOSA,3145,R4V2Z47681,122,XALAPA,"Soconusco No. 31, Col. Aguacatal, C.P. 91130. Xalapa, Veracruz",,,
123,SUBDIRECCION DE RECURSOS FINANCIEROS,3145,R4V2Z47686,123,XALAPA,"Soconusco No. 31, Col. Aguacatal, C.P. 91130. Xalapa, Veracruz",,,
124,OFICINA DE REGISTROS CONTABLES,3655,R4P3225867,124,XALAPA,"Soconusco No. 31, Col. Aguacatal, C.P. 91130. Xalapa, Veracruz",,,
125,COORDINACION DE EVENTOS,3145,R4V2Z46851,125,XALAPA,"Soconusco No. 31, Col. Aguacatal, C.P. 91130. Xalapa, Veracruz",,,
126,PRESTACIONES SOCIALES,3145,R4V2Z47418,126,XALAPA,"Soconusco No. 31, Col. Aguacatal, C.P. 91130. Xalapa, Veracruz",,,
127,PRESTACIONES SOCIALES,3145,R4V2Z47683,127,XALAPA,"Soconusco No. 31, Col. Aguacatal, C.P. 91130. Xalapa, Veracruz",,,
128,ADMINISTRACION DE PERSONAL,3145,R4V2Z46848,128,XALAPA,"Soconusco No. 31, Col. Aguacatal, C.P. 91130. Xalapa, Veracruz",,,
129,SUBDIRECCION DE RECURSOS HUMANOS,3145,R4V2Z47691,129,XALAPA,"Landero y Coss 36, Zona Centro, Centro, 91000 Xalapa-Enríquez, Ver.",,,
130,DIRECCION DE SALUD PUBLICA,3145,R4V2940796,130,XALAPA,"Soconusco No. 31, Col. Aguacatal, C.P.91130. Xalapa, Veracruz",,,
131,DEPARTAMENTO DE MESA DE PROVEEDORES,3145,R4V2940921,131,XALAPA,"Soconusco No. 31, Col. Aguacatal, C.P. 91130. Xalapa, Veracruz",,,
132,DEPARTAMENTO DE CONTROL PRESUPUESTAL,3145,R4V2Z47425,132,XALAPA,"Soconusco No. 31, Col. Aguacatal, C.P. 91130. Xalapa, Veracruz",,,
133,DEPARTAMENTO DE CONTROL PRESUPUESTAL,3145,R4V2940786,133,XALAPA,"Soconusco No. 31, Col. Aguacatal, C.P. 91130. Xalapa, Veracruz",,,
134,DIRECCION GENERAL (CONTABILIDAD Y NOMINA),3145,R4V2940802,134,XALAPA,"Lomas del Estado, Centro, 91000 Xalapa-Enríquez, Ver.",,,
135,DIRECCION DE PROTECCION CONTRA RIESGO SANITARIOS,3145,R4V2940651,135,XALAPA,"91130, Soconusco 36, Aguacatal, Xalapa-Enríquez, Ver.",,,
136,DEPARTAMENTO CONCILACIONES E INGRESOS,3145,R4V2940797,136,XALAPA,"Soconusco No. 31, Col. Aguacatal, C.P. 91130. Xalapa, Veracruz",,,
137,DEPARTAMENTO DE ADMINISTRACION DE DOCUMENTOS ,3655,R4P3225876,137,XALAPA,"Soconusco No. 31, Col. Aguacatal, C.P. 91130. Xalapa, Veracruz",,,
138,DEPARTAMENTO DE ADMINISTRACION DE DOCUMENTOS ,3655,R4P3225567,138,XALAPA,"Soconusco No. 31, Col. Aguacatal, C.P. 91130. Xalapa, Veracruz",,,
139,DEPARTAMENTO DE ADMINISTRACION DE DOCUMENTOS ,3655,R4P3225868,139,XALAPA,"Soconusco No. 31, Col. Aguacatal, C.P. 91130. Xalapa, Veracruz",,,
140,PRESTACIONES SOCIALES DE RECURSOS HUMANOS ,3145,R4V2940798,140,XALAPA,"Soconusco No. 31, Col. Aguacatal, C.P. 91130. Xalapa, Veracruz",,,
141,DEPARTAMENTO DE SERVICIOS GENERALES (FOTOCOPIADO),3655,R4P3225570,141,XALAPA,"Soconusco No. 31, Col. Aguacatal, C.P. 91130. Xalapa, Veracruz",,,
142,DEPARTAMENTO DE SERVICIOS GENERALES,3145,R4V2940920,142,XALAPA,"Soconusco No. 31, Col. Aguacatal, C.P. 91130. Xalapa, Veracruz",,,
143,DEPARTAMENTO DE ALMACENAJE Y DISTRIBUCIÓN ,RISO 5130,44104414,143,XALAPA,"Soconusco No. 31, Col. Aguacatal, C.P. 91130. Xalapa, Veracruz",,,
144,SERVICIOS GENERALES (COPIADO OFICINAS CENTRALES),RISSO 5130,44104410,144,XALAPA,"Soconusco No. 31, Col. Aguacatal, C.P. 91130. Xalapa, Veracruz",,,
145,OFICINA DE SERVICIO SUBRROGADO CANON A COLOR,MF1538C,3DR04444,145,XALAPA,"Av. Manuel Ávila Camacho 210, Zona Centro, Centro, 91000 Xalapa-Enríquez, Ver.",,,
146,SERVICIOS GENERALES,3145,R4V2940923,146,XALAPA,"Soconusco No. 31, Col. Aguacatal, C.P. 91130. Xalapa, Veracruz",,,
147,DEPARTAMENTO DE SERVICIOS GENERALES (FOTOCOPIADO),3655,R4P3225568,147,XALAPA,"Soconusco No. 31, Col. Aguacatal, C.P. 91130. Xalapa, Veracruz",,,
148,DEPARTAMENTO DE CONTROL DE ENFERMEDADES,3145,R4V2Z46845,148,XALAPA,"Soconusco No. 31, Col. Aguacatal, C.P. 91130. Xalapa, Veracruz",,,
149,DIRECCION DE PROTECCION CONTRA RIESGO SANITARIOS,3145,R4V2Z47416,149,XALAPA,"91130, Soconusco 36, Aguacatal, Xalapa-Enríquez, Ver.",,,
150,DIRECCION DE PROTECCION CONTRA RIESGO SANITARIOS,3145,R4V2Z47411,150,XALAPA,"91130, Soconusco 36, Aguacatal, Xalapa-Enríquez, Ver.",,,
151,DIRECCION DE PROTECCION CONTRA RIESGO SANITARIOS,3145,R4V2Z47678,151,XALAPA,"91130, Soconusco 36, Aguacatal, Xalapa-Enríquez, Ver.",,,
152,DIRECCION GENERAL ,3145,R4V2Z47680,152,XALAPA,"Soconusco No. 31, Col. Aguacatal, C.P. 91130. Xalapa, Veracruz",,,
153,DIRECCION GENERAL  (IMPRESORA A COLOR TASKALFA 308CI),308CI,RLZ2X07125,153,XALAPA,"Soconusco No. 31, Col. Aguacatal, C.P. 91130. Xalapa, Veracruz",,,
154,ENLACE INSTITUCIONAL DE LA COMUNICACIÓN SOCIAL,3145,R4V2940913,154,XALAPA,"Soconusco No. 31, Col. Aguacatal, C.P. 91130. Xalapa, Veracruz",,,
155,DIRECCION DE ATENCION MEDICA,3145,R4V2940787,155,XALAPA,"Soconusco No. 31, Col. Aguacatal, C.P. 91130. Xalapa, Veracruz",,,
156,DIRECCION DE PLANEACION Y DESARROLLO,3145,R4V2Z46856,156,XALAPA,"Soconusco No. 31, Col. Aguacatal, C.P. 91130. Xalapa, Veracruz",,,
157,SUDIRECCION DE ATENCION DE PRIMER NIVEL,3145,R4V2Z47421,157,XALAPA,"Soconusco No. 31, Col. Aguacatal, C.P. 91130. Xalapa, Veracruz",,,
158,DEPARTAMENTO DE VECTORES,3655,R4P3225571,158,XALAPA,"Soconusco No. 31, Col. Aguacatal, C.P. 91130. Xalapa, Veracruz",,,
159,DEPARTAMENTO DE VECTORES,3655,R4P3225872,159,XALAPA,"Soconusco No. 31, Col. Aguacatal, C.P. 91130. Xalapa, Veracruz",,,
160,DIRECCION DE INFRAESTRUCTURA (SUBDIRECCION DE CONSTRUCCION DE OBRA),3145,RAV2940793,160,XALAPA,"Soconusco No. 31, Col. Aguacatal, C.P. 91130. Xalapa, Veracruz",,,
161,DIRECCION DE INFRAESTRUCTURA (DPTO DE ESTUDIOS Y PROYECTOS DE OBRA),3655,R4P3225873,161,XALAPA,"Soconusco No. 31, Col. Aguacatal, C.P. 91130. Xalapa, Veracruz",,,
162,DIRECCION DE INFRAESTRUCTURA,3145,R4V2Z47413,162,XALAPA,"Soconusco No. 31, Col. Aguacatal, C.P. 91130. Xalapa, Veracruz",,,
163,DIRECCION DE INFRAESTRUCTURA (DPTO DE SEGUIMIENTO DE OBRA),3655,R4P2Z21769,163,XALAPA,"Soconusco No. 31, Col. Aguacatal, C.P. 91130. Xalapa, Veracruz",,,
164,DIRECCION DE INFRAESTRUCTURA (DEPTO DE SEGUIMIENTO DE OBRA),3655,R4P3225542,164,XALAPA,"Soconusco No. 31, Col. Aguacatal, C.P. 91130. Xalapa, Veracruz",,,
165,CENTRO ESTATAL DE TRASPLANTES ,3655,R4P3225575,165,XALAPA,"Soconusco No. 31, Col. Aguacatal, C.P. 91130. Xalapa, Veracruz",,,
166,CENTRO ESTATAL DE SOPORTE TECNICO (PRIMER NIVEL) DEPTO DE APOYO TECNOLOGICO,3655,R4P3225545,166,XALAPA,"Soconusco No. 31, Col. Aguacatal, C.P. 91130. Xalapa, Veracruz",,,
167,COORDINACION DE AUDITORIAS,3145,R4V2Z47677,167,XALAPA,"Soconusco No. 31, Col. Aguacatal, C.P. 91130. Xalapa, Veracruz",,,
168,OFICINAS DE VIATICOS,3655,R4P2Z21775,168,XALAPA,"Soconusco No. 31, Col. Aguacatal, C.P. 91130. Xalapa, Veracruz",,,
169,DEPARTAMENTO DE VIATICOS,3145,R4V0Y18784,169,XALAPA,"Soconusco No. 31, Col. Aguacatal, C.P. 91130. Xalapa, Veracruz",,,
170,ALMACEN C ,RISSO 5130,44104412,170,XALAPA,"Soconusco No. 31, Col. Aguacatal, C.P. 91130. Xalapa, Veracruz",,,
171,ARCHIVO DE LA OFICINA DE CONTABILIDAD,3655,R4P3225569,171,XALAPA,"Soconusco No. 31, Col. Aguacatal, C.P. 91130. Xalapa, Veracruz",,,
172,DEPARTAMENTO DE TRANSPORTE,3145,R4V2940655,172,XALAPA,"Soconusco No. 31, Col. Aguacatal, C.P. 91130. Xalapa, Veracruz",,,
173,SUBDIRECCION DE RECURSOS MATERIALES,3145,R4V2Z46842,173,XALAPA,"Soconusco No. 31, Col. Aguacatal, C.P. 91130. Xalapa, Veracruz",,,
174,DEPARTAMENTO DE MANTENIMIENTO,3145,R4V2Z47419,174,XALAPA,"Soconusco No. 31, Col. Aguacatal, C.P. 91130. Xalapa, Veracruz",,,
175,DEPARTAMENTO DE ADQUISICIONES ,3145,R4V2940792,175,XALAPA,"Soconusco No. 31, Col. Aguacatal, C.P. 91130. Xalapa, Veracruz",,,
176,DEPARTAMENTO DE ADQUISICIONES,3655,R493225566,176,XALAPA,"Soconusco No. 31, Col. Aguacatal, C.P. 91130. Xalapa, Veracruz",,,
177,DEPARTAMENTO DE ALMACENAJE Y DISTRIBUCION,3145,R4V2Z47690,177,XALAPA,"Soconusco No. 31, Col. Aguacatal, C.P. 91130. Xalapa, Veracruz",,,
178,DEPARTAMENTO DE PROMOCION DE LA SALUD,3145,R4V2Z46850,178,XALAPA,"Soconusco No. 31, Col. Aguacatal, C.P.91130. Xalapa, Veracruz",,,
179,CEMENTERIO XALAPEÑO,3145,R4V0X18355,179,XALAPA,"63, C. Esperanza Bringas 59, Rafael Lucio, 91110 Xalapa-Enríquez, Ver.",,,
180,"CENTRO DE ALTA ESPECIALIDAD ""DR. RAFAEL LUCIO"" (CAE) RECURSOS FINANCIEROS",3145,R4V0Y18859,180,XALAPA,"Av. Adolfo Ruiz Cortines 2903, Unidad Magisterial, 91020 Xalapa-Enríquez, Ver.",,,
181,"CENTRO DE ALTA ESPECIALIDAD ""DR. RAFAEL LUCIO"" (CAE) GINECOLOGIA 2° PISO",3145,RV0X18354,181,XALAPA,"Av. Adolfo Ruiz Cortines 2903, Unidad Magisterial, 91020 Xalapa-Enríquez, Ver.",,,
182,"CENTRO DE ALTA ESPECIALIDAD ""DR. RAFAEL LUCIO"" (CAE) ABASTECIMIENTO",3145,R4V0X18664,182,XALAPA,"Av. Adolfo Ruiz Cortines 2903, Unidad Magisterial, 91020 Xalapa-Enríquez, Ver.",,,
183,"CENTRO DE ALTA ESPECIALIDAD ""DR. RAFAEL LUCIO"" (CAE) SERVICIOS GENERALES",3145,RV0X18349,183,XALAPA,"Av. Adolfo Ruiz Cortines 2903, Unidad Magisterial, 91020 Xalapa-Enríquez, Ver.",,,
184,"CENTRO DE ALTA ESPECIALIDAD ""DR. RAFAEL LUCIO"" (CAE) AUDIOVISUAL",3145,R4V0Y18825,184,XALAPA,"Av. Adolfo Ruiz Cortines 2903, Unidad Magisterial, 91020 Xalapa-Enríquez, Ver.",,,
185,"CENTRO DE ESPECIALIDADES MEDICA ""DR. RAFAEL LUCIO"" (CAE) RECURSOS HUMANOS",3655,R4P2Z21768,185,XALAPA,"Av. Adolfo Ruiz Cortines 2903, Unidad Magisterial, 91020 Xalapa-Enríquez, Ver.",,,
186,"CENTRO DE ALTA ESPECIALIDAD ""DR. RAFAEL LUCIO"" (CAE) INVENTARIOS",3655,R4V0X18752,186,XALAPA,"Av. Adolfo Ruiz Cortines 2903, Unidad Magisterial, 91020 Xalapa-Enríquez, Ver.",,,
187,ALMACEN B,3145,R4V0Y18789,187,XALAPA,"Soconusco No. 31, Col. Aguacatal, C.P. 91130. Xalapa, Veracruz",,,
188,ALMACEN B,3145,R4V0X18359,188,XALAPA,"Soconusco No. 31, Col. Aguacatal, C.P. 91130. Xalapa, Veracruz",,,
189,ALMACEN A,3145,R4V0Z20632,189,XALAPA,"Av. Xalapa No. 350 Col., Progreso Macuitépetl, C.P. 91020 Xalapa, Ver.",,,
190,UVISA,3145,R4V0Z20389,190,XALAPA,"AV. ORIZABA No. 27, FRACC VERACRUZ  CP. 91020",,,
191,"CASA DEL ADULTO MAYOR ""MARIANA SAYAGO"" XALAPA",3145,R4V2Z46843,191,XALAPA,"Xalapeños Ilustres No. 90, Col. Centro C.P. 91000 Xalapa, Ver.",,,
192,"HOSPITAL REGIONAL DE XALAPA ""DR. LUIS F NACHON",RISO 5130,44104411,192,XALAPA,"Calle Dr. Pedro Rendón 1, Zona Centro, Centro, 91000 Xalapa-Enríquez, Ver.",,,
193,"HOSPITAL REGIONAL DE XALAPA ""DR. LUIS F NACHON",3145,R4V2940647,193,XALAPA,"Calle Dr. Pedro Rendón 1, Zona Centro, Centro, 91000 Xalapa-Enríquez, Ver.",,,
194,"HOSPITAL REGIONAL DE XALAPA ""DR. LUIS F NACHON",3145,R4V2940642,194,XALAPA,"Calle Dr. Pedro Rendón 1, Zona Centro, Centro, 91000 Xalapa-Enríquez, Ver.",,,
195,"HOSPITAL REGIONAL DE XALAPA ""DR. LUIS F NACHON",3145,R4V2940644,195,XALAPA,"Calle Dr. Pedro Rendón 1, Zona Centro, Centro, 91000 Xalapa-Enríquez, Ver.",,,
196,"HOSPITAL REGIONAL DE XALAPA ""DR. LUIS F NACHON",3145,R4V2940650,196,XALAPA,"Calle Dr. Pedro Rendón 1, Zona Centro, Centro, 91000 Xalapa-Enríquez, Ver.",,,
197,"HOSPITAL REGIONAL DE XALAPA ""DR. LUIS F NACHON",3145,R4V2940641,197,XALAPA,"Calle Dr. Pedro Rendón 1, Zona Centro, Centro, 91000 Xalapa-Enríquez, Ver.",,,
198,"HOSPITAL REGIONAL DE XALAPA ""DR. LUIS F NACHON",3145,R4V2940646,198,XALAPA,"Calle Dr. Pedro Rendón 1, Zona Centro, Centro, 91000 Xalapa-Enríquez, Ver.",,,
199,SUBDIRECCION DE RECURSOS HUMANOS,3145,R4V0X18352,199,XALAPA,"Soconusco No. 31, Col. Aguacatal, C.P. 91130. Xalapa, Veracruz",,,
200,SUBDIRECCION DE RECURSOS HUMANOS,3145,R4V0X18671,200,XALAPA,"Xalapeños Ilustres No. 3, Col. Centro C.P. 91000 Xalapa, Ver.",,,
201,COMISION ESTATAL CONTRA ADICCIONES ,3145,R4V0Y18785,201,XALAPA,"Xalapeños Ilustres No. 3, Col. Centro C.P. 91000 Xalapa, Ver.",,,
202,DEPARTAMENTO DE SALUD REPRODUCTIVA,3145,R4V0Y18798,202,XALAPA,"Xalapeños Ilustres No. 3, Col. Centro C.P. 91000 Xalapa, Ver.",,,
203,ARCHIVO GENERAL SUBDIRECCION DE RECURSOS HUMANOS,3655,R4P2Z21774,203,XALAPA,"Xalapeños Ilustres No. 3, Col. Centro C.P. 91000 Xalapa, Ver.",,,
204,PATRIMONIO DE LA BENEFICIENCIA PUBLICA,3145,R4V2Z46852,204,XALAPA,"Xalapeños Ilustres No. 3, Col. Centro C.P. 91000 Xalapa, Ver.",,,
205,PATRIMONIO DE LA BENEFICENCIA PUBLICA,3145,R4V2Z46834,205,XALAPA,"Xalapeños Ilustres No. 3, Col. Centro C.P. 91000 Xalapa, Ver.",,,
206,SUBDIRECCION DE ENSEÑANZA INVESTIGACION Y CAPACITACION ,3145,R4V1121223,206,XALAPA,"Xalapeños Ilustres No. 3, Col. Centro C.P. 91000 Xalapa, Ver.",,,
207,COORDINACION DE CALIDAD EN SALUD,3145,R4V2Z46847,207,XALAPA,"Xalapeños Ilustres No. 3, Col. Centro C.P. 91000 Xalapa, Ver.",,,
208,ORGANO INTERNO DE CALIDAD,3145,R4V2Z46838,208,XALAPA,"Xalapeños Ilustres No. 3, Col. Centro C.P. 91000 Xalapa, Ver.",,,
209,ORGANO INTERNO DE CONTROL,3145,R4V0Y19077,209,XALAPA,"Xalapeños Ilustres No. 3, Col. Centro C.P. 91000 Xalapa, Ver.",,,
210,ORGANO INTERNO DE CONTROL,3145,R4V1121229,210,XALAPA,"Xalapeños Ilustres No. 3, Col. Centro C.P. 91000 Xalapa, Ver.",,,
211,CENTRO DE ATENCION INFANTIL (CAI),3145,R4V0Y18926,211,XALAPA,"Aguascalientes 100, esquina Saltillo Colonia Aguacal C.P. 91130 Xalapa, Ver.",,,
212,"""INSTITUTO VERACRUZANO DE SALUD MENTAL ""DR. RAFAEL VELAZCO FERNANDEZ""",3145,R4V2Z47417,212,XALAPA,"Aguascalientes 100, Progreso Macuiltepetl, 91130 Xalapa-Enríquez, Ver.",,,
213,"CENTRO ESTATAL DE CANCEROLOGIA ""DR. MIGUEL DORANTES MESA"" (GOBIERNO)",3145,R4V0X18358,213,XALAPA,"Soconusco No. 31, Col. Aguacatal, C.P. 91130. Xalapa, Veracruz",,,
214,"CENTRO ESTATAL DE CANCEROLOGIA ""DR. MIGUEL DORANTES MESA"" (RECURSOS FINANCIEROS)",3145,R4V2Z47424,214,XALAPA,"El Mirador, 91170 Xalapa-Enríquez, Ver.",,,
215,"CENTRO ESTATAL DE CANCEROLOGIA ""DR. MIGUEL DORANTES MESA"" (FARMACIA)",3145,R4V2Z47426,215,XALAPA,"Soconusco 31 Bis, Aguacatal, 91130 Xalapa-Enríquez, Ver.",,,
216,"CENTRO ESTATAL DE CANCEROLOGIA ""DR. MIGUEL DORANTES MESA"" (JEFATURA DE RECURSOS HUMANOS)",3655,R4P3225550,216,XALAPA,"El Mirador, 91170 Xalapa-Enríquez, Ver.",,,
217,DIRECCION JURIDICA (AMPARO PENAL),3145,R4V2Z247682,217,XALAPA,"Soconusco No. 31, Col. Aguacatal, C.P. 91130. Xalapa, Veracruz",,,
218,DIRECCION JURIDICA (ÁREA LABORAL),3145,R4V2Z47409,218,XALAPA,"Soconusco No. 31, Col. Aguacatal, C.P. 91130. Xalapa, Veracruz",,,
219,DIRECCION JURIDICA (DPTO LEGISLACIÓN Y CONSULTA),3145,R4V2940801,219,XALAPA,"Soconusco No. 31, Col. Aguacatal, C.P. 91130. Xalapa, Veracruz",,,
220, PATRONATO PRO-SALUD PLAZA MACUILTEPEC,3145,R4V1121103,220,XALAPA,"José María Morelos 76, Zona Centro, Centro, 91000 Xalapa-Enríquez, Ver.",,,
221,DIRECCION JURIDICA (DPTO LEGISLACIÓN Y CONSULTA),3145,R4V2Z46849,221,XALAPA,"Soconusco No. 31, Col. Aguacatal, C.P. 91130. Xalapa, Veracruz",,,
222,DEPARTAMENTO DE LEGISLACION,3145,R4V2Z47569,222,XALAPA,"Soconusco No. 31, Col. Aguacatal, C.P. 91130. Xalapa, Veracruz",,,
223,JURISDICCION SANITARIA V BANDERILLA,3655,R4P2Z21770,223,BANDERILLA,"Calle Temaxcalapa No. 1 Col. Temaxcalapa, C.P. 91300 Banderilla, Ver.",,,
224,HOSPITAL DE LA COMUNIDAD DE HUAYACOCOTLA,3145,R4V0Y18869,224,HUAYACOCOTLA,"Avenida Lázaro Cárdenas 3, Col. Centro, C.P. 92600 Huayacocotla, Ver.",,,
225,HOSPITAL DE LA COMUNIDAD DE LA LAGUNA POBLADO 6 (UXPANAPA),3145,R4V2Z47422,225,UXPANAPA,"Av. de los Manantiales s/n,, Poblado 6, 96901 Uxpanapa, Ver.",,,
226,HOSPITAL DE LA COMUNIDAD DE LA LAGUNA POBLADO 6 (UXPANAPA),3145,R4P3124319,226,UXPANAPA,"Av. de los Manantiales s/n,, Poblado 6, 96901 Uxpanapa, Ver.",,,
,,,,,,,,,
,,,,,,,,,
,,,,,,,,,
,,,,,,,,,
,,,,,,,,,
,,,,,,,,,
,,,,,,,,,
,,,,,,,,,
,,,,,,,,,
,,,,,,,,,
,,,,,,,,,
,,,,,,,,,
,,,,,,,,,
,,,,,,,,,
,,,,,,,,,
,,,,,,,,,
,,,,,,,,,
,,,,,,,,,
,,,,,,,,,
,,,,,,,,,
,,,,,,,,,
,,,,,,,,,
,,,,,,,,,
,,,,,,,,,
,,,,,,,,,
,,,,,,,,,
,,,,,,,,,
,,,,,,,,,
,,,,,,,,,
,,,,,,,,,
,,,,,,,,,
,,,,,,,,,
,,,,,,,,,
,,,,,,,,,
,,,,,,,,,
,,,,,,,,,
,,,,,,,,,
,,,,,,,,,
,,,,,,,,,
,,,,,,,,,
,,,,,,,,,
,,,,,,,,,
,,,,,,,,,
,,,,,,,,,
,,,,,,,,,
,,,,,,,,,
,,,,,,,,,
,,,,,,,,,
,,,,,,,,,
,,,,,,,,,
,,,,,,,,,
,,,,,,,,,
,,,,,,,,,
,,,,,,,,,
,,,,,,,,,
,,,,,,,,,
,,,,,,,,,
,,,,,,,,,
,,,,,,,,,
,,,,,,,,,
,,,,,,,,,
,,,,,,,,,
,,,,,,,,,
,,,,,,,,,
,,,,,,,,,
,,,,,,,,,
,,,,,,,,,
,,,,,,,,,
,,,,,,,,,
,,,,,,,,,
,,,,,,,,,
,,,,,,,,,
,,,,,,,,,
,,,,,,,,,
,,,,,,,,,
,,,,,,,,,
,,,,,,,,,
,,,,,,,,,
,,,,,,,,,
,,,,,,,,,
,,,,,,,,,
,,,,,,,,,
,,,,,,,,,
,,,,,,,,,
,,,,,,,,,
,,,,,,,,,
,,,,,,,,,
,,,,,,,,,
,,,,,,,,,
,,,,,,,,,
,,,,,,,,,
,,,,,,,,,
,,,,,,,,,
,,,,,,,,,
,,,,,,,,,
,,,,,,,,,
,,,,,,,,,
,,,,,,,,,
,,,,,,,,,
,,,,,,,,,
,,,,,,,,,
,,,,,,,,,
,,,,,,,,,
,,,,,,,,,
,,,,,,,,,
,,,,,,,,,
,,,,,,,,,
,,,,,,,,,
,,,,,,,,,
,,,,,,,,,
,,,,,,,,,
,,,,,,,,,
,,,,,,,,,
,,,,,,,,,
,,,,,,,,,
,,,,,,,,,
,,,,,,,,,
,,,,,,,,,
,,,,,,,,,
,,,,,,,,,
,,,,,,,,,
,,,,,,,,,
,,,,,,,,,
,,,,,,,,,
,,,,,,,,,
,,,,,,,,,
,,,,,,,,,
,,,,,,,,,
,,,,,,,,,
,,,,,,,,,
,,,,,,,,,
,,,,,,,,,
,,,,,,,,,
,,,,,,,,,
,,,,,,,,,
,,,,,,,,,
,,,,,,,,,
,,,,,,,,,
,,,,,,,,,
,,,,,,,,,
,,,,,,,,,
,,,,,,,,,
,,,,,,,,,
,,,,,,,,,
,,,,,,,,,
,,,,,,,,,
,,,,,,,,,
,,,,,,,,,
,,,,,,,,,
,,,,,,,,,
,,,,,,,,,
,,,,,,,,,
,,,,,,,,,
,,,,,,,,,
,,,,,,,,,
,,,,,,,,,
,,,,,,,,,
,,,,,,,,,
,,,,,,,,,
,,,,,,,,,
,,,,,,,,,
,,,,,,,,,
,,,,,,,,,
,,,,,,,,,
,,,,,,,,,
,,,,,,,,,
,,,,,,,,,
,,,,,,,,,
,,,,,,,,,
,,,,,,,,,
,,,,,,,,,
,,,,,,,,,
,,,,,,,,,
,,,,,,,,,
,,,,,,,,,
,,,,,,,,,
,,,,,,,,,
,,,,,,,,,
,,,,,,,,,
,,,,,,,,,
,,,,,,,,,
,,,,,,,,,
,,,,,,,,,
,,,,,,,,,
,,,,,,,,,
,,,,,,,,,
,,,,,,,,,
,,,,,,,,,
,,,,,,,,,
,,,,,,,,,
,,,,,,,,,
,,,,,,,,,
,,,,,,,,,
,,,,,,,,,
,,,,,,,,,
,,,,,,,,,
,,,,,,,,,
,,,,,,,,,
,,,,,,,,,
,,,,,,,,,
,,,,,,,,,
,,,,,,,,,
,,,,,,,,,
,,,,,,,,,
,,,,,,,,,
,,,,,,,,,
,,,,,,,,,
,,,,,,,,,
,,,,,,,,,
,,,,,,,,,
,,,,,,,,,
,,,,,,,,,
,,,,,,,,,
,,,,,,,,,
,,,,,,,,,
,,,,,,,,,
,,,,,,,,,
,,,,,,,,,
,,,,,,,,,
,,,,,,,,,
,,,,,,,,,
,,,,,,,,,
,,,,,,,,,
,,,,,,,,,
,,,,,,,,,
,,,,,,,,,
,,,,,,,,,
,,,,,,,,,
,,,,,,,,,
,,,,,,,,,
,,,,,,,,,
,,,,,,,,,
,,,,,,,,,
,,,,,,,,,
,,,,,,,,,
,,,,,,,,,
,,,,,,,,,
,,,,,,,,,
,,,,,,,,,
,,,,,,,,,
,,,,,,,,,
,,,,,,,,,
,,,,,,,,,
,,,,,,,,,
,,,,,,,,,
,,,,,,,,,
,,,,,,,,,
,,,,,,,,,
,,,,,,,,,
,,,,,,,,,
,,,,,,,,,
,,,,,,,,,
,,,,,,,,,
,,,,,,,,,
,,,,,,,,,
,,,,,,,,,
,,,,,,,,,
,,,,,,,,,
,,,,,,,,,
,,,,,,,,,
,,,,,,,,,
,,,,,,,,,
,,,,,,,,,
,,,,,,,,,
,,,,,,,,,
,,,,,,,,,
,,,,,,,,,
,,,,,,,,,
,,,,,,,,,
,,,,,,,,,
,,,,,,,,,
,,,,,,,,,
,,,,,,,,,
,,,,,,,,,
,,,,,,,,,
,,,,,,,,,
,,,,,,,,,
,,,,,,,,,
,,,,,,,,,
,,,,,,,,,
,,,,,,,,,
,,,,,,,,,
,,,,,,,,,
,,,,,,,,,
,,,,,,,,,
,,,,,,,,,
,,,,,,,,,
,,,,,,,,,
,,,,,,,,,
,,,,,,,,,
,,,,,,,,,
,,,,,,,,,
,,,,,,,,,
,,,,,,,,,
,,,,,,,,,
,,,,,,,,,
,,,,,,,,,
,,,,,,,,,
,,,,,,,,,
,,,,,,,,,
,,,,,,,,,
,,,,,,,,,
,,,,,,,,,
,,,,,,,,,
,,,,,,,,,
,,,,,,,,,
,,,,,,,,,
,,,,,,,,,
,,,,,,,,,
,,,,,,,,,
,,,,,,,,,
,,,,,,,,,
,,,,,,,,,
,,,,,,,,,
,,,,,,,,,
,,,,,,,,,
,,,,,,,,,
,,,,,,,,,
,,,,,,,,,
,,,,,,,,,
,,,,,,,,,
,,,,,,,,,
,,,,,,,,,
,,,,,,,,,
,,,,,,,,,
,,,,,,,,,
,,,,,,,,,
,,,,,,,,,
,,,,,,,,,
,,,,,,,,,
,,,,,,,,,
,,,,,,,,,
,,,,,,,,,
,,,,,,,,,
,,,,,,,,,
,,,,,,,,,
,,,,,,,,,
,,,,,,,,,
,,,,,,,,,
,,,,,,,,,
,,,,,,,,,
,,,,,,,,,
,,,,,,,,,
,,,,,,,,,
,,,,,,,,,
,,,,,,,,,
,,,,,,,,,
,,,,,,,,,
,,,,,,,,,
,,,,,,,,,
,,,,,,,,,
,,,,,,,,,
,,,,,,,,,
,,,,,,,,,
,,,,,,,,,
,,,,,,,,,
,,,,,,,,,
,,,,,,,,,
,,,,,,,,,
,,,,,,,,,
,,,,,,,,,
,,,,,,,,,
,,,,,,,,,
,,,,,,,,,
,,,,,,,,,
,,,,,,,,,
,,,,,,,,,
,,,,,,,,,
,,,,,,,,,
,,,,,,,,,
,,,,,,,,,
,,,,,,,,,
,,,,,,,,,
,,,,,,,,,
,,,,,,,,,
,,,,,,,,,
,,,,,,,,,
,,,,,,,,,
,,,,,,,,,
,,,,,,,,,
,,,,,,,,,
,,,,,,,,,
,,,,,,,,,
,,,,,,,,,
,,,,,,,,,
,,,,,,,,,
,,,,,,,,,
,,,,,,,,,
,,,,,,,,,
,,,,,,,,,
,,,,,,,,,
,,,,,,,,,
,,,,,,,,,
,,,,,,,,,
,,,,,,,,,
,,,,,,,,,
,,,,,,,,,
,,,,,,,,,
,,,,,,,,,
,,,,,,,,,
,,,,,,,,,
,,,,,,,,,
,,,,,,,,,
,,,,,,,,,
,,,,,,,,,
,,,,,,,,,
,,,,,,,,,
,,,,,,,,,
,,,,,,,,,
,,,,,,,,,
,,,,,,,,,
,,,,,,,,,
,,,,,,,,,
,,,,,,,,,
,,,,,,,,,
,,,,,,,,,
,,,,,,,,,
,,,,,,,,,
,,,,,,,,,
,,,,,,,,,
,,,,,,,,,
,,,,,,,,,
,,,,,,,,,
,,,,,,,,,
,,,,,,,,,
,,,,,,,,,
,,,,,,,,,
,,,,,,,,,
,,,,,,,,,
,,,,,,,,,
,,,,,,,,,
,,,,,,,,,
,,,,,,,,,
,,,,,,,,,
,,,,,,,,,
,,,,,,,,,
,,,,,,,,,
,,,,,,,,,
,,,,,,,,,
,,,,,,,,,
,,,,,,,,,
,,,,,,,,,
,,,,,,,,,
,,,,,,,,,
,,,,,,,,,
,,,,,,,,,
,,,,,,,,,
,,,,,,,,,
,,,,,,,,,
,,,,,,,,,
,,,,,,,,,
,,,,,,,,,
,,,,,,,,,
,,,,,,,,,
,,,,,,,,,
,,,,,,,,,
,,,,,,,,,
,,,,,,,,,
,,,,,,,,,
,,,,,,,,,
,,,,,,,,,
,,,,,,,,,
,,,,,,,,,
,,,,,,,,,
,,,,,,,,,
,,,,,,,,,
,,,,,,,,,
,,,,,,,,,
,,,,,,,,,
,,,,,,,,,
,,,,,,,,,
,,,,,,,,,
,,,,,,,,,
,,,,,,,,,
,,,,,,,,,
,,,,,,,,,
,,,,,,,,,
,,,,,,,,,
,,,,,,,,,
,,,,,,,,,
,,,,,,,,,
,,,,,,,,,
,,,,,,,,,
,,,,,,,,,
,,,,,,,,,
,,,,,,,,,
,,,,,,,,,
,,,,,,,,,
,,,,,,,,,
,,,,,,,,,
,,,,,,,,,
,,,,,,,,,
,,,,,,,,,
,,,,,,,,,
,,,,,,,,,
,,,,,,,,,
,,,,,,,,,
,,,,,,,,,
,,,,,,,,,
,,,,,,,,,
,,,,,,,,,
,,,,,,,,,
,,,,,,,,,
,,,,,,,,,
,,,,,,,,,
,,,,,,,,,
,,,,,,,,,
,,,,,,,,,
,,,,,,,,,
,,,,,,,,,
,,,,,,,,,
,,,,,,,,,
,,,,,,,,,
,,,,,,,,,
,,,,,,,,,
,,,,,,,,,
,,,,,,,,,
,,,,,,,,,
,,,,,,,,,
,,,,,,,,,
,,,,,,,,,
,,,,,,,,,
,,,,,,,,,
,,,,,,,,,
,,,,,,,,,
,,,,,,,,,
,,,,,,,,,
,,,,,,,,,
,,,,,,,,,
,,,,,,,,,
,,,,,,,,,
,,,,,,,,,
,,,,,,,,,
,,,,,,,,,
,,,,,,,,,
,,,,,,,,,
,,,,,,,,,
,,,,,,,,,
,,,,,,,,,
,,,,,,,,,
,,,,,,,,,
,,,,,,,,,
,,,,,,,,,
,,,,,,,,,
,,,,,,,,,
,,,,,,,,,
,,,,,,,,,
,,,,,,,,,
,,,,,,,,,
,,,,,,,,,
,,,,,,,,,
,,,,,,,,,
,,,,,,,,,
,,,,,,,,,
,,,,,,,,,
,,,,,,,,,
,,,,,,,,,
,,,,,,,,,
,,,,,,,,,
,,,,,,,,,
,,,,,,,,,
,,,,,,,,,
,,,,,,,,,
,,,,,,,,,
,,,,,,,,,
,,,,,,,,,
,,,,,,,,,
,,,,,,,,,
,,,,,,,,,
,,,,,,,,,
,,,,,,,,,
,,,,,,,,,
,,,,,,,,,
,,,,,,,,,
,,,,,,,,,
,,,,,,,,,
,,,,,,,,,
,,,,,,,,,
,,,,,,,,,
,,,,,,,,,
,,,,,,,,,
,,,,,,,,,
,,,,,,,,,
,,,,,,,,,
,,,,,,,,,
,,,,,,,,,
,,,,,,,,,
,,,,,,,,,
,,,,,,,,,
,,,,,,,,,
,,,,,,,,,
,,,,,,,,,
,,,,,,,,,
,,,,,,,,,
,,,,,,,,,
,,,,,,,,,
,,,,,,,,,
,,,,,,,,,
,,,,,,,,,
,,,,,,,,,
,,,,,,,,,
,,,,,,,,,
,,,,,,,,,
,,,,,,,,,
,,,,,,,,,
,,,,,,,,,
,,,,,,,,,
,,,,,,,,,
,,,,,,,,,
,,,,,,,,,
,,,,,,,,,
,,,,,,,,,
,,,,,,,,,
,,,,,,,,,
,,,,,,,,,
,,,,,,,,,
,,,,,,,,,
,,,,,,,,,
,,,,,,,,,
,,,,,,,,,
,,,,,,,,,
,,,,,,,,,
,,,,,,,,,
,,,,,,,,,
,,,,,,,,,
,,,,,,,,,
,,,,,,,,,
,,,,,,,,,
,,,,,,,,,
,,,,,,,,,
,,,,,,,,,
,,,,,,,,,
,,,,,,,,,
,,,,,,,,,
,,,,,,,,,
,,,,,,,,,
,,,,,,,,,
,,,,,,,,,
,,,,,,,,,
,,,,,,,,,
,,,,,,,,,
,,,,,,,,,
,,,,,,,,,
,,,,,,,,,
,,,,,,,,,
,,,,,,,,,
,,,,,,,,,
,,,,,,,,,
,,,,,,,,,
,,,,,,,,,
,,,,,,,,,
,,,,,,,,,
,,,,,,,,,
,,,,,,,,,
,,,,,,,,,
,,,,,,,,,
,,,,,,,,,
,,,,,,,,,
,,,,,,,,,
,,,,,,,,,
,,,,,,,,,
,,,,,,,,,
,,,,,,,,,
,,,,,,,,,
,,,,,,,,,
,,,,,,,,,
,,,,,,,,,
,,,,,,,,,
,,,,,,,,,
,,,,,,,,,
,,,,,,,,,
,,,,,,,,,
,,,,,,,,,
,,,,,,,,,
,,,,,,,,,
,,,,,,,,,
,,,,,,,,,
,,,,,,,,,
,,,,,,,,,
,,,,,,,,,
,,,,,,,,,
,,,,,,,,,
,,,,,,,,,
,,,,,,,,,
,,,,,,,,,
,,,,,,,,,
,,,,,,,,,
,,,,,,,,,
,,,,,,,,,
,,,,,,,,,
,,,,,,,,,
,,,,,,,,,
,,,,,,,,,
,,,,,,,,,
,,,,,,,,,
,,,,,,,,,
,,,,,,,,,
,,,,,,,,,
,,,,,,,,,
,,,,,,,,,
,,,,,,,,,
,,,,,,,,,
,,,,,,,,,
,,,,,,,,,
,,,,,,,,,
,,,,,,,,,
,,,,,,,,,
,,,,,,,,,
,,,,,,,,,
,,,,,,,,,
,,,,,,,,,
,,,,,,,,,
,,,,,,,,,
,,,,,,,,,
,,,,,,,,,
,,,,,,,,,
,,,,,,,,,
,,,,,,,,,
,,,,,,,,,
,,,,,,,,,
,,,,,,,,,
,,,,,,,,,
,,,,,,,,,
,,,,,,,,,
,,,,,,,,,
,,,,,,,,,
,,,,,,,,,
,,,,,,,,,
,,,,,,,,,
,,,,,,,,,
,,,,,,,,,
,,,,,,,,,
,,,,,,,,,
,,,,,,,,,
,,,,,,,,,
,,,,,,,,,
,,,,,,,,,
,,,,,,,,,
,,,,,,,,,
,,,,,,,,,
,,,,,,,,,
,,,,,,,,,
,,,,,,,,,
,,,,,,,,,
,,,,,,,,,
,,,,,,,,,
,,,,,,,,,
,,,,,,,,,
,,,,,,,,,
